sale_id,sale_number,sale_year,sale_month,private_sales_weekly_2026,private_sales_weekly_2025,private_sales_todate_2026,private_sales_todate_2025,public_auction_weekly_2026,public_auction_weekly_2025,public_auction_todate_2026,public_auction_todate_2025,forward_contracts_weekly_2026,forward_contracts_weekly_2025,forward_contracts_todate_2026,forward_contracts_todate_2025,total_sold_weekly_2026,total_sold_weekly_2025,total_sold_todate_2026,total_sold_todate_2025,fx_usd_2026,fx_usd_2025,fx_usd_2024,fx_gbp_2026,fx_gbp_2025,fx_gbp_2024,fx_eur_2026,fx_eur_2025,fx_eur_2024,fx_jpy_2026,fx_jpy_2025,fx_jpy_2024
UNKNOWN_Sale of 30 December 2025.pdf,50,,,203558.0,177563.0,10575829.0,6523909.0,4877632.0,5356786.0,239324923.0,234486913.0,28000.0,92000.0,2358939.0,2576756.0,5109190.0,5626349.0,252259691.0,243587578.0,305.88,286.44,321.94,411.85,361.8,407.0,358.95,299.53,349.48,1.94,1.85,2.25
SALE_25_2025,25,2025.0,July,197417.0,200011.0,5368552.0,2939041.0,5406971.0,5273253.0,121175877.0,114341672.0,44000.0,39500.0,1358831.0,847450.0,5648388.0,5512764.0,127903260.0,118128163.0,295.91,300.54,301.32,405.11,380.07,382.63,347.33,320.98,328.46,2.05,1.87,2.09
SALE_39_2024,39,2024.0,October,100633.0,133293.0,4864312.0,3801663.0,5272353.0,3757361.0,181625285.0,185095341.0,101300.0,22940.0,1828130.0,1974008.0,5474286.0,3913594.0,188317727.0,190871012.0,290.3,318.31,359.16,384.28,383.84,403.95,319.75,331.89,350.53,2.0,2.11,2.46
SALE_34_2025,34,2025.0,September,165981.0,82693.0,7111185.0,4186795.0,4541661.0,5030855.0,166249998.0,158312296.0,20000.0,96180.0,1615231.0,1433250.0,4727642.0,5209728.0,174976414.0,163932341.0,298.3,296.36,317.96,402.18,389.53,399.24,347.91,329.29,341.98,2.02,2.03,2.16
SALE_49_2024,49,2024.0,December,213187.0,136620.0,6346346.0,5022856.0,4475047.0,4023445.0,229130127.0,228393978.0,105000.0,37000.0,2484756.0,2158908.0,4793234.0,4197065.0,237961229.0,235575742.0,286.02,322.24,361.19,363.04,403.42,440.52,300.08,345.28,378.03,1.88,2.2,2.6
SALE_06_2026,6,2026.0,February,167226.0,245835.0,1119831.0,1177536.0,4898035.0,5185038.0,24012876.0,25587189.0,41600.0,50070.0,191600.0,339970.0,5106861.0,5480943.0,25324307.0,27104695.0,305.76,292.79,308.56,417.26,360.2,387.69,362.86,299.73,330.69,1.95,1.91,2.07
SALE_02_2024,2,2024.0,January,77364.0,77485.0,77364.0,77485.0,4514112.0,4580423.0,4514112.0,4580423.0,15000.0,48000.0,15000.0,48000.0,4606476.0,4705908.0,4606476.0,4705908.0,317.83,360.05,198.5,402.18,436.73,268.46,345.76,384.63,224.65,2.18,2.71,1.71
SALE_10_2026,10,2026.0,March,196032.0,305419.0,2297136.0,2052407.0,4063437.0,4624724.0,42324532.0,44598576.0,34000.0,62820.0,370560.0,614336.0,4293469.0,4992963.0,44621668.0,47265319.0,307.18,291.25,306.06,411.75,374.66,386.49,355.81,313.87,330.31,1.93,1.96,2.02
SALE_23_2024,23,2024.0,June,146108.0,79834.0,2601259.0,2291565.0,5586586.0,6026784.0,104189974.0,105130576.0,49200.0,154240.0,742660.0,1360868.0,5781894.0,6260858.0,107533893.0,108783009.0,298.79,303.19,355.72,379.44,381.69,434.07,319.3,325.78,371.1,1.89,2.15,2.61
SALE_45_2024,45,2024.0,November,110191.0,110785.0,5775369.0,4503126.0,4984144.0,4672059.0,210908525.0,210908525.0,99520.0,20000.0,2247856.0,2073908.0,5193855.0,4802844.0,218931750.0,217485559.0,288.19,321.71,360.96,369.08,393.47,422.41,305.25,342.47,369.97,1.86,2.11,2.55
SALE_44_2025,44,2025.0,November,134264.0,173299.0,9033346.0,5665178.0,4605134.0,4870545.0,211071443.0,205924381.0,20000.0,63050.0,2085259.0,2148336.0,4759398.0,5106894.0,222190048.0,213737895.0,300.5,288.54,321.59,349.3,371.41,395.57,345.78,309.42,342.73,1.93,1.86,2.13
SALE_31_2025,31,2025.0,August,190396.0,132486.0,6536209.0,3860203.0,4602603.0,4981688.0,151987808.0,143152122.0,20000.0,34910.0,1551231.0,1182330.0,4812999.0,5149084.0,160075248.0,148194655.0,297.07,297.69,315.11,397.64,379.07,401.21,343.48,324.33,344.98,1.99,2.04,2.19
SALE_02_2026,2,2026.0,January,174966.0,77364.0,174966.0,77364.0,4751955.0,5287479.0,4751955.0,5287479.0,22000.0,15000.0,22000.0,15000.0,4948921.0,5379843.0,4948921.0,5379843.0,305.53,290.74,291.32,408.91,352.54,363.13,354.82,297.76,300.65,1.92,1.83,1.83
SALE_11_2024,11,2024.0,March,140193.0,70514.0,1168614.0,973178.0,4719109.0,4265050.0,46515746.0,44427461.0,30000.0,76120.0,230000.0,662248.0,4889302.0,4411684.0,47914360.0,46062887.0,302.07,319.84,263.3,386.02,387.92,327.04,329.01,341.42,276.34,2.04,2.39,2.13
SALE_32_2024,32,2024.0,August,118848.0,116786.0,3979051.0,3139274.0,5209001.0,5247185.0,148361123.0,153533867.0,70480.0,30500.0,1252810.0,1831008.0,5398329.0,5394471.0,153592984.0,158504149.0,295.08,313.99,357.37,375.51,396.43,428.61,321.01,341.81,361.54,1.99,2.15,2.66
SALE_07_2024,7,2024.0,February,126709.0,105882.0,580109.0,611313.0,4371517.0,4006142.0,29286496.0,27563036.0,30000.0,55000.0,130000.0,380088.0,4528226.0,4167024.0,29996605.0,28554437.0,308.58,359.64,198.5,388.13,434.81,267.56,330.64,383.37,224.96,2.05,2.7,1.7
SALE_19_2024,19,2024.0,May,101837.0,98952.0,2094161.0,1804679.0,4392058.0,5366794.0,82625612.0,82420181.0,35500.0,62880.0,549700.0,1134968.0,4529395.0,5528626.0,85269473.0,85359828.0,296.74,302.42,354.56,372.65,376.67,436.85,319.56,327.46,373.02,1.88,2.21,2.74
UNKNOWN_Sale of 14 & 15 May 2025.pdf,18,,,203436.0,100882.0,3842383.0,1992324.0,5703925.0,4652167.0,82983730.0,78233554.0,45935.0,10075.0,1069871.0,514200.0,5953296.0,4763124.0,87895984.0,80740078.0,294.88,294.38,311.0,388.65,366.22,391.66,329.07,314.52,341.1,2.01,1.88,2.29
SALE_40_2025,40,2025.0,October,134899.0,191085.0,8366341.0,5055397.0,4476080.0,5165167.0,192952381.0,186791052.0,44250.0,71046.0,1948069.0,1899176.0,4655229.0,5427298.0,203266791.0,193745625.0,298.84,288.96,318.02,397.49,376.96,390.21,344.58,315.81,335.88,1.95,1.94,2.13
SALE_48_2025,48,2025.0,December,274893.0,142517.0,10133599.0,6133159.0,4682978.0,4262590.0,229436758.0,224655080.0,36800.0,58600.0,2256139.0,2379756.0,4994671.0,4463707.0,241826496.0,233167995.0,305.34,286.19,322.68,406.85,360.91,405.36,357.02,298.63,346.81,1.95,1.9,2.18
SALE_27_2025,27,2025.0,July,166053.0,166612.0,5694633.0,3268473.0,5243271.0,4615009.0,131993446.0,123544745.0,44000.0,75340.0,1446831.0,965490.0,5453324.0,4856961.0,139134940.0,127778708.0,297.23,299.79,306.15,397.71,382.6,396.53,345.25,322.8,337.01,2.0,1.85,2.18
SALE_41_2024,41,2024.0,October,145081.0,126103.0,5200479.0,4046799.0,4976078.0,3841627.0,191768690.0,192965156.0,66710.0,18780.0,1965886.0,2010768.0,5187869.0,3986510.0,198935054.0,199022723.0,288.91,318.27,360.4,376.26,387.28,406.76,313.1,334.39,351.76,1.93,2.12,2.4
SALE_28_2024,28,2024.0,July,139943.0,115196.0,3408417.0,2758829.0,4939639.0,5383098.0,128484704.0,132708204.0,50520.0,57400.0,1016010.0,1650468.0,5130102.0,5555694.0,132909131.0,137117501.0,297.73,314.95,357.85,384.57,412.32,424.63,322.55,353.18,360.42,1.86,2.26,2.57
SALE_15_2024,15,2024.0,April,128350.0,126144.0,1427434.0,1432963.0,4435414.0,4689319.0,65001524.0,62787867.0,66000.0,56040.0,335280.0,920968.0,4629764.0,4871503.0,66764238.0,65141798.0,295.28,312.9,327.5,365.88,387.42,429.46,312.52,342.31,358.3,1.9,2.32,2.55
SALE_50_2024,50,2024.0,December,177563.0,134626.0,6523909.0,5157482.0,5357236.0,4496413.0,234487363.0,232890391.0,92000.0,53000.0,2576756.0,2211908.0,5626799.0,4684039.0,243588028.0,240259781.0,286.44,321.94,361.19,361.8,407.0,437.51,299.53,349.48,380.7,1.85,2.25,2.63
SALE_03_2024,3,2024.0,January,124334.0,116949.0,201698.0,247195.0,4620052.0,4603529.0,9134164.0,9183952.0,25000.0,63240.0,40000.0,111240.0,4769386.0,4783718.0,9375862.0,9542387.0,317.35,360.41,198.5,400.88,440.57,269.81,344.85,386.59,226.14,2.16,2.74,1.72
SALE_36_2025,36,2025.0,September,210438.0,168725.0,7479682.0,4445044.0,4512363.0,4865958.0,175162234.0,167935564.0,33580.0,69330.0,1674819.0,1576560.0,4756381.0,5104013.0,184316735.0,173957168.0,298.31,294.59,316.77,404.9,385.47,394.46,350.0,324.8,338.96,2.01,2.05,2.14
SALE_07_2026,7,2026.0,February,336885.0,185706.0,1456717.0,1363242.0,4779486.0,4765046.0,28792362.0,30352236.0,26000.0,68446.0,217600.0,408416.0,5142371.0,5019198.0,30466679.0,32123894.0,305.67,291.28,308.85,413.1,365.55,388.13,360.73,303.05,330.64,1.98,1.9,2.05
SALE_23_2025,23,2025.0,June,162178.0,146108.0,4931196.0,2601259.0,5589313.0,5586586.0,110491505.0,104189974.0,63920.0,49200.0,1264831.0,742660.0,5815411.0,5781894.0,116687532.0,107533893.0,296.86,298.79,303.19,401.49,379.44,381.69,341.64,319.3,325.78,2.04,1.89,2.15
SALE_11_2026,11,2026.0,March,219289.0,213775.0,2516425.0,2266183.0,4255103.0,4247944.0,46580395.0,48847250.0,60000.0,47000.0,430560.0,661336.0,4534392.0,4508719.0,49527380.0,51774769.0,307.73,292.0,302.07,408.23,347.3,386.02,352.46,316.78,329.01,1.92,1.94,2.04
SALE_24_2024,24,2024.0,June,137771.0,90775.0,2739030.0,2382340.0,4878465.0,6264213.0,109068439.0,111394789.0,65290.0,58800.0,807950.0,1419668.0,5081526.0,6413788.0,112615419.0,115196797.0,299.31,298.47,357.28,378.58,379.69,436.34,319.23,324.45,374.28,1.89,2.1,2.63
SALE_37_2024,37,2024.0,September,182418.0,83237.0,4627463.0,3567819.0,4813150.0,4373403.0,172748114.0,176976517.0,68240.0,30640.0,1644800.0,1938048.0,5063808.0,4487280.0,179020377.0,182482384.0,296.45,318.26,359.13,388.24,392.99,408.29,326.87,338.65,357.89,2.09,2.14,2.49
SALE_32_2025,32,2025.0,August,208939.0,118848.0,6745148.0,3979051.0,4962379.0,5151886.0,156950187.0,148304008.0,20000.0,70480.0,1571231.0,1252810.0,5191318.0,5341214.0,165266566.0,153535869.0,297.5,295.08,313.99,400.46,375.51,396.43,345.42,321.01,341.81,2.0,1.99,2.15
SALE_08_2024,8,2024.0,February,170102.0,90069.0,750211.0,701382.0,4325722.0,4412397.0,33612218.0,31975433.0,,,,,4495824.0,4570426.0,34492429.0,33124863.0,307.47,359.97,198.5,386.05,430.75,268.36,329.62,381.13,224.18,2.03,2.65,1.72
SALE_12_2024,12,2024.0,March,130470.0,99837.0,1299084.0,1073015.0,4753048.0,4605322.0,51268794.0,49032783.0,39280.0,11160.0,269280.0,673408.0,4922798.0,4716319.0,52837158.0,50779206.0,299.29,316.84,272.06,379.41,387.67,359.08,323.83,338.68,302.66,1.99,2.4,2.27
SALE_46_2024,46,2024.0,November,205268.0,78328.0,5980638.0,4581454.0,4512613.0,4738698.0,215421138.0,215095596.0,59000.0,25000.0,2306856.0,2098908.0,4776881.0,4842026.0,223708632.0,221775958.0,286.55,323.05,360.99,362.15,403.32,425.82,302.03,352.37,367.96,1.84,2.17,2.52
SALE_45_2025,45,2025.0,November,236813.0,110191.0,9270160.0,5775369.0,4489564.0,4985264.0,215561007.0,210909645.0,55750.0,99520.0,2141009.0,2247856.0,4782127.0,5194975.0,226972176.0,218932870.0,303.32,288.19,321.71,397.76,369.08,393.47,350.38,305.25,342.47,1.94,1.86,2.11
SALE_14_2024,14,2024.0,April,124367.0,115610.0,1423451.0,1306818.0,4739204.0,4497314.0,60570756.0,58098548.0,49840.0,112560.0,319120.0,864928.0,4913411.0,4725484.0,62313327.0,60270294.0,295.2,316.75,293.23,369.0,388.94,385.3,315.32,342.05,324.72,1.93,2.36,2.39
SALE_05_2026,5,2026.0,February,344946.0,202993.0,952605.0,931701.0,4709425.0,5529222.0,19115718.0,20402151.0,40200.0,14720.0,150000.0,289900.0,5094571.0,5746935.0,20218323.0,21623752.0,305.58,295.51,315.5,417.07,366.85,399.75,361.28,304.98,342.29,1.96,1.91,2.12
SALE_26_2024,26,2024.0,July,162820.0,98929.0,3101861.0,2553761.0,4588064.0,4860454.0,118929256.0,121885989.0,42700.0,52200.0,890150.0,1543568.0,4793584.0,5011583.0,122921267.0,125983318.0,300.39,299.87,355.95,378.16,379.87,429.06,320.69,326.27,369.49,1.85,2.06,2.59
SALE_33_2024,33,2024.0,August,125050.0,87696.0,4104102.0,3226970.0,4977433.0,5203667.0,153282641.0,158737534.0,84260.0,30500.0,1337070.0,1861508.0,5186743.0,5321863.0,158723813.0,163826012.0,295.2,317.46,357.4,383.15,403.46,418.55,326.53,343.29,353.45,2.02,2.17,2.59
SALE_03_2026,3,2026.0,January,188040.0,154281.0,363006.0,467425.0,4465515.0,3596046.0,9214550.0,8883525.0,42000.0,70720.0,64000.0,182760.0,257440687.0,245787876.0,11652811.0,1760.0,305.95,292.83,317.35,409.54,358.4,400.88,355.14,302.31,344.85,1.92,1.87,2.16
SALE_20_2024,20,2024.0,May,133915.0,149332.0,2228077.0,1954011.0,5056051.0,5899168.0,87681664.0,88319349.0,39240.0,56100.0,588940.0,1191068.0,5229206.0,6104600.0,90498681.0,91464428.0,294.92,299.19,354.4,373.54,370.97,443.5,319.39,321.86,378.85,1.88,2.15,2.76
SALE_19_2025,19,2025.0,May,258690.0,101837.0,4101073.0,2094161.0,4257149.0,4392058.0,87240879.0,82625612.0,40000.0,35500.0,1109871.0,549700.0,4555839.0,4529395.0,92451823.0,85269473.0,295.81,296.74,302.42,393.93,372.65,376.67,330.82,319.56,327.46,2.03,1.88,2.21
SALE_41_2025,41,2025.0,October,137629.0,145081.0,8503971.0,5200479.0,4609442.0,4976078.0,197561823.0,191767130.0,31360.0,66710.0,1979429.0,1965886.0,4778431.0,5187869.0,208045223.0,198933495.0,299.22,288.91,318.27,399.56,376.26,387.28,346.91,313.1,334.39,1.97,1.93,2.12
SALE_15_2025,15,2025.0,April,153636.0,128350.0,3211066.0,1427434.0,4294175.0,4434927.0,66347895.0,65001037.0,61440.0,66000.0,906816.0,335280.0,4509251.0,4629277.0,70465777.0,66763751.0,295.1,295.28,312.9,394.02,365.88,387.42,338.51,312.52,342.31,2.09,1.9,2.32
SALE_49_2025,49,2025.0,December,238672.0,213187.0,10372271.0,6346346.0,5010533.0,4475047.0,234447291.0,229130127.0,74800.0,105000.0,2330939.0,2484756.0,5324005.0,4793234.0,247150501.0,237961229.0,305.72,286.02,322.24,408.27,363.04,403.42,356.93,300.08,345.28,1.93,1.88,2.2
SALE_04_2024,4,2024.0,January,126458.0,70165.0,328157.0,317360.0,4640488.0,4527372.0,13774652.0,13711324.0,20000.0,76088.0,60000.0,187328.0,4786946.0,4673625.0,14162809.0,14216012.0,315.5,360.49,198.5,399.75,444.56,266.25,342.29,389.94,224.14,2.12,2.74,1.73
SALE_29_2024,29,2024.0,July,173444.0,74329.0,3408417.0,2833159.0,4768207.0,5296019.0,133252911.0,138004223.0,66010.0,67620.0,1016010.0,1718088.0,5007661.0,5437968.0,137677338.0,142555470.0,298.89,323.03,357.51,384.75,413.53,429.57,323.78,356.33,232.66,1.88,2.27,1.79
SALE_28_2025,28,2025.0,July,267447.0,139943.0,5962110.0,3408417.0,5406718.0,4937034.0,137400164.0,128481779.0,33000.0,50520.0,1479831.0,1016010.0,5707165.0,5127497.0,144842105.0,132906206.0,297.99,297.13,314.95,401.53,384.57,412.32,348.12,322.55,353.18,2.02,1.86,2.26
SALE_42_2024,42,2024.0,October,169824.0,128888.0,5370303.0,4175687.0,4555439.0,3902707.0,196324129.0,196867863.0,69850.0,19140.0,2035736.0,2029908.0,4795113.0,4050735.0,203730168.0,203073458.0,288.65,320.81,360.71,373.68,392.2,405.38,310.75,341.06,353.86,1.9,2.13,2.4
SALE_16_2024,16,2024.0,April,116397.0,99960.0,1415481.0,1185600.0,4450606.0,4654433.0,69452130.0,67442300.0,40125.0,36440.0,309405.0,628080.0,4607128.0,4790833.0,71177016.0,69255980.0,297.0,313.26,333.88,366.25,390.76,428.58,315.26,345.79,362.94,1.91,2.32,2.63
SALE_51_2024,51,2024.0,December,161148.0,47828.0,6685057.0,3992235.0,4866610.0,4500368.0,239353973.0,237390759.0,116760.0,43100.0,2693516.0,1912860.0,5144518.0,4591296.0,248732546.0,243295854.0,289.73,321.94,361.19,363.16,407.0,437.51,300.78,349.48,380.07,1.84,2.25,2.63
SALE_08_2026,8,2026.0,February,269852.0,167044.0,1726569.0,1530286.0,4797184.0,4857288.0,33589546.0,35209524.0,46000.0,69480.0,263600.0,477896.0,5113036.0,5093812.0,35579715.0,37217706.0,305.69,291.43,308.58,411.22,366.6,388.13,358.91,303.36,330.64,1.96,1.93,2.05
SALE_24_2025,24,2025.0,June,239939.0,137771.0,5171135.0,2739030.0,5275951.0,4878445.0,115767456.0,109068419.0,50000.0,65290.0,1314831.0,807950.0,5565890.0,5081506.0,122253422.0,112615399.0,296.67,299.31,298.47,400.75,378.58,379.69,342.6,319.23,324.45,2.03,1.89,2.1
SALE_12_2026,12,2026.0,March,236059.0,273946.0,2752483.0,2540128.0,4245612.0,4173195.0,50826007.0,53019315.0,72000.0,53400.0,502560.0,714736.0,4553671.0,4500541.0,54081050.0,56274179.0,310.02,292.48,302.07,414.28,376.23,386.02,357.74,314.1,329.01,1.94,1.93,2.04
SALE_38_2024,38,2024.0,September,136216.0,100551.0,4763679.0,3668370.0,3604818.0,4361463.0,176352932.0,181337980.0,82030.0,13020.0,1726830.0,1951068.0,3823064.0,4475034.0,182843441.0,186957418.0,299.71,318.73,359.18,398.63,389.17,380.58,331.33,337.85,340.93,2.07,2.13,2.46
SALE_25_2024,25,2024.0,June,200011.0,72491.0,2939041.0,2454831.0,5272753.0,5630746.0,114341192.0,117025535.0,39500.0,71700.0,847450.0,1491368.0,5512264.0,5774937.0,118127683.0,120971734.0,300.54,301.32,356.06,380.07,382.63,435.04,320.98,328.46,374.97,1.87,2.09,2.61
SALE_46_2025,46,2025.0,November,285166.0,205268.0,9555326.0,5980638.0,4324792.0,4512613.0,219885799.0,215422258.0,31920.0,59000.0,2172929.0,2306856.0,4641878.0,4776881.0,231614054.0,223709752.0,304.06,286.55,323.05,397.41,362.15,403.32,349.2,302.03,352.37,1.93,1.84,2.17
SALE_33_2025,33,2025.0,August,200055.0,125050.0,6945204.0,4104102.0,4758500.0,4977433.0,161708687.0,153281441.0,24000.0,84260.0,1595231.0,1337070.0,4982555.0,5186743.0,170249122.0,158722613.0,298.47,295.08,313.99,400.81,375.51,396.43,345.88,321.01,341.81,2.01,1.99,2.15
SALE_13_2024,13,2024.0,March,116394.0,118193.0,1415478.0,1191208.0,4563258.0,4568451.0,55832052.0,53601234.0,39280.0,78960.0,308560.0,752368.0,4718932.0,4765604.0,57556090.0,55544810.0,298.45,315.84,288.74,374.78,387.49,378.93,321.1,340.5,320.34,1.96,2.4,2.33
SALE_47_2024,47,2024.0,November,215272.0,142036.0,5990642.0,4723490.0,4970232.0,4630162.0,220391370.0,219726858.0,73300.0,23000.0,2321156.0,2121908.0,5258804.0,4795198.0,228703168.0,226572256.0,286.66,324.15,361.23,357.94,410.81,430.42,298.48,355.16,371.66,1.85,2.19,2.58
SALE_34_2024,34,2024.0,August,82693.0,89419.0,4186795.0,3316390.0,5030765.0,4920806.0,158313406.0,163658340.0,96180.0,15500.0,1433250.0,1877008.0,5209638.0,5025725.0,163933451.0,168851738.0,296.36,317.96,357.93,389.53,399.24,416.05,329.29,341.98,355.29,2.03,2.16,2.56
SALE_09_2024,9,2024.0,February,120657.0,129520.0,870869.0,902663.0,4009748.0,4316121.0,37621966.0,36291555.0,30000.0,62000.0,160000.0,586128.0,4160405.0,4507641.0,38652835.0,37780346.0,306.06,357.68,200.77,386.49,428.87,271.49,330.31,376.35,227.48,2.02,2.6,1.74
SALE_04_2026,4,2026.0,January,244652.0,261282.0,607658.0,728708.0,5191743.0,5989404.0,14406293.0,14872929.0,45800.0,92420.0,109800.0,275180.0,5482195.0,6343106.0,15123751.0,15876817.0,305.83,294.18,317.35,417.42,364.6,400.88,362.28,305.15,344.85,1.97,1.88,2.16
SALE_20_2025,20,2025.0,May,217149.0,133915.0,4318223.0,2228077.0,6143399.0,5056401.0,93384278.0,87682014.0,40000.0,39240.0,1149871.0,588940.0,6400548.0,5229556.0,98852372.0,90499031.0,295.44,294.92,299.19,399.64,373.54,370.97,335.02,319.39,321.86,2.06,1.88,2.15
SALE_16_2025,16,2025.0,April,229241.0,116397.0,3440308.0,1415481.0,5173236.0,4450126.0,71521131.0,69451163.0,57520.0,40125.0,964336.0,309405.0,5459997.0,4606648.0,75925775.0,71176049.0,295.39,297.0,313.26,391.03,366.25,390.76,333.44,315.26,345.79,2.04,1.91,2.32
SALE_21_2024,21,2024.0,May,98623.0,142015.0,2326700.0,2096027.0,5738117.0,5794171.0,93419781.0,94113520.0,61280.0,58860.0,650220.0,1249928.0,5898020.0,5995046.0,96396701.0,97459475.0,296.83,290.67,355.72,377.09,358.17,434.07,320.22,309.96,371.1,1.87,2.06,2.61
SALE_42_2025,42,2025.0,October,175713.0,169824.0,8679685.0,5370303.0,4580311.0,4557139.0,202142734.0,196324269.0,53910.0,69850.0,2033339.0,2035736.0,4809934.0,4796813.0,212855758.0,203730308.0,300.48,288.65,320.81,399.95,373.68,392.2,348.87,310.75,341.06,1.96,1.9,2.13
SALE_17_2024,17,2024.0,April,106849.0,90951.0,1891441.0,1618824.0,4128204.0,4648804.0,73580334.0,72091104.0,39600.0,45600.0,504125.0,1037088.0,4274653.0,4785355.0,75975900.0,74747016.0,291.52,313.73,347.05,363.69,391.64,435.72,310.93,343.81,369.68,1.82,2.27,2.67
SALE_29_2025,29,2025.0,July,215665.0,173444.0,6177776.0,3408417.0,5107980.0,4768207.0,142508144.0,133249986.0,24000.0,66010.0,1503831.0,1016010.0,5347645.0,5007661.0,150189751.0,137674413.0,298.18,298.89,323.03,396.74,384.75,413.53,343.99,323.78,356.33,1.99,1.88,2.27
SALE_43_2024,43,2024.0,October,121576.0,115111.0,5491879.0,4290799.0,4728590.0,4312229.0,201052719.0,201180092.0,49550.0,13500.0,2085286.0,2043408.0,4899716.0,4440840.0,208629884.0,207514299.0,289.06,322.17,360.55,374.51,390.08,412.36,311.2,339.94,354.56,1.87,2.14,2.41
SALE_38_2025,38,2025.0,September,,,,,,,,,,,,,,,,,298.76,299.71,318.73,400.06,398.63,389.17,348.99,331.33,337.85,1.99,2.07,2.13
SALE_48_2024,48,2024.0,December,142517.0,162744.0,6133159.0,4886235.0,4262590.0,4645055.0,224653960.0,224370533.0,,,,,4463707.0,4807799.0,233166875.0,231378676.0,286.19,322.68,361.3,360.91,405.36,442.95,298.63,346.81,379.19,1.9,2.18,2.66
SALE_21_2025,21,2025.0,June,250979.0,98623.0,4569202.0,2326700.0,5698830.0,5738117.0,99083108.0,93420131.0,51040.0,61280.0,1200911.0,650220.0,6000849.0,5898020.0,104853221.0,96397051.0,295.37,296.83,290.67,398.0,377.09,358.17,335.68,320.22,309.96,2.05,1.87,2.06
SALE_09_2026,9,2026.0,March,374534.0,216701.0,2101103.0,1746988.0,4670360.0,4764328.0,38259906.0,39973852.0,72960.0,73620.0,336560.0,551516.0,5117854.0,5054649.0,40697569.0,42272356.0,305.7,290.99,306.06,408.78,367.9,386.49,356.46,303.26,330.31,1.93,1.94,2.02
SALE_43_2025,43,2025.0,November,219397.0,121576.0,8899082.0,5491879.0,4324525.0,4729567.0,206466809.0,201053836.0,31920.0,49550.0,2065259.0,2085286.0,4575842.0,4900693.0,217431150.0,208631001.0,300.7,289.06,322.17,393.82,374.51,390.08,345.43,311.2,339.94,1.94,1.87,2.14
SALE_35_2024,35,2024.0,September,89524.0,133293.0,4276319.0,3801663.0,4754930.0,4382210.0,163068336.0,168040550.0,73980.0,22940.0,1507230.0,1974008.0,4918434.0,4538443.0,168851885.0,173816221.0,294.48,314.87,358.05,384.5,396.18,412.22,323.87,338.13,353.96,2.01,2.13,2.53
SALE_05_2024,5,2024.0,January,105708.0,67632.0,433865.0,384993.0,5937800.0,5654712.0,19712452.0,19366036.0,20000.0,72760.0,80000.0,260088.0,6063508.0,5795104.0,20226317.0,20011117.0,312.81,360.45,198.5,396.19,444.63,265.53,337.22,389.55,222.65,2.11,2.75,1.71
SALE_30_2024,30,2024.0,July,145855.0,85268.0,3727717.0,2918428.0,4920948.0,5025762.0,138173859.0,143029985.0,65400.0,70920.0,1147420.0,1789008.0,5132203.0,5181950.0,143048996.0,147737421.0,298.09,323.96,357.22,381.61,413.79,432.79,320.62,354.13,361.98,1.92,2.27,2.66
SALE_30_2025,30,2025.0,August,168037.0,145855.0,6345813.0,3727717.0,4879401.0,4920448.0,147388095.0,138170434.0,27400.0,65400.0,1531231.0,1147420.0,5074838.0,5131703.0,155265139.0,143045571.0,297.43,298.09,323.96,393.64,381.61,413.79,342.66,320.62,354.13,2.0,1.92,2.27
SALE_01_2024,1,2024.0,January,229866.0,47828.0,5387348.0,3992235.0,4500368.0,4558637.0,237390759.0,237065036.0,60000.0,43100.0,2271908.0,1912860.0,4790234.0,4649565.0,245050015.0,242970131.0,317.76,361.19,198.5,400.89,437.51,261.22,345.56,380.07,222.6,2.2,2.63,1.73
SALE_22_2024,22,2024.0,June,128450.0,115703.0,2455150.0,2211730.0,5183167.0,4990272.0,98602948.0,99103792.0,43240.0,56700.0,693460.0,1306628.0,5354857.0,5162675.0,101751558.0,102622150.0,297.14,284.84,356.09,379.41,353.39,443.17,322.62,303.9,378.53,1.89,2.03,2.67
SALE_10_2024,10,2024.0,March,157552.0,129520.0,1028421.0,902663.0,4175441.0,3870856.0,41797407.0,40162411.0,40000.0,62000.0,200000.0,586128.0,4372993.0,4062376.0,43025828.0,41651202.0,302.97,318.3,225.2,383.28,382.8,294.06,326.98,339.07,244.48,2.01,2.34,1.94
SALE_44_2024,44,2024.0,November,173299.0,101542.0,5665178.0,4392340.0,4870585.0,4504747.0,205923934.0,205684839.0,63050.0,10500.0,2148336.0,2053908.0,5106934.0,4616789.0,213737448.0,212131087.0,288.54,321.59,360.88,371.41,395.57,412.93,309.42,342.73,358.78,1.86,2.13,2.44
SALE_17_2025,17,2025.0,May,198639.0,106849.0,3638947.0,1891441.0,5758934.0,4130224.0,77280065.0,73581387.0,59600.0,39600.0,1023936.0,504125.0,6017173.0,4276673.0,81942948.0,75976953.0,295.18,291.52,313.73,390.78,363.69,391.64,332.13,310.93,343.81,2.04,1.82,2.27
SALE_31_2024,31,2024.0,August,132486.0,104060.0,3860203.0,3022488.0,4981388.0,5256697.0,143155247.0,148286682.0,34910.0,11500.0,1182330.0,1800508.0,5148784.0,5372257.0,148197780.0,153109678.0,297.69,315.11,357.14,379.07,401.21,429.1,324.33,344.98,361.74,2.04,2.19,2.62
SALE_06_2024,6,2024.0,February,135414.0,120438.0,569279.0,505431.0,5204487.0,4190858.0,24916939.0,23556894.0,20000.0,65000.0,100000.0,325088.0,5359901.0,4376296.0,25586218.0,24387413.0,308.56,360.09,198.5,387.69,431.81,267.22,330.69,384.45,226.65,2.07,2.7,1.71
SALE_01_2026,1,2026.0,January,277579.0,161148.0,10853408.0,6685057.0,3509490.0,4865410.0,242834413.0,239352323.0,82000.0,116760.0,2440939.0,2693516.0,3869069.0,5143318.0,256128760.0,248730896.0,306.23,291.32,321.94,413.65,363.13,407.0,358.0,300.65,349.48,1.95,1.83,2.25
SALE_14_2026,14,2026.0,March,232004.0,233731.0,3217855.0,3057429.0,4184697.0,4771126.0,59649806.0,62053160.0,5310.0,52760.0,565870.0,845376.0,4422011.0,5057617.0,63433531.0,65955965.0,311.72,293.44,295.2,410.58,373.68,369.0,358.07,320.23,315.32,1.94,1.98,1.93
SALE_26_2025,26,2025.0,July,160056.0,162820.0,5528609.0,3101861.0,5573326.0,4588064.0,126750175.0,118929736.0,44000.0,42700.0,1402831.0,890150.0,5777382.0,4793584.0,133681615.0,122921747.0,296.24,300.39,299.87,402.57,378.16,379.87,347.16,1.85,2.06,2.03,320.69,326.27
SALE_18_2024,18,2024.0,May,100882.0,86902.0,1992324.0,1705727.0,4653577.0,4962283.0,78233911.0,77053387.0,10075.0,35000.0,514200.0,1072088.0,4764534.0,5084185.0,80740435.0,79831202.0,294.38,311.0,364.22,366.22,391.66,448.35,314.52,341.1,388.12,1.88,2.29,2.82
SALE_39_2025,39,2025.0,October,586211.0,100633.0,8231442.0,4864312.0,4220669.0,5272353.0,188477613.0,181625885.0,149120.0,101300.0,1903819.0,1828130.0,4956000.0,5474286.0,198612874.0,188318327.0,298.74,290.3,318.31,401.36,384.28,383.84,348.28,319.75,331.89,1.97,2.0,2.11
SALE_47_2025,47,2025.0,December,303380.0,215272.0,9858706.0,5990642.0,4868461.0,4970232.0,224754260.0,220392490.0,46410.0,73300.0,2219339.0,2321156.0,5218251.0,5258804.0,236832305.0,228704288.0,304.8,286.66,324.15,405.24,357.94,410.81,353.85,298.48,355.16,1.95,1.85,2.19
SALE_40_2024,40,2024.0,October,191085.0,119033.0,5055397.0,3920696.0,5166727.0,4028188.0,186792612.0,189123529.0,71046.0,17980.0,1899176.0,1991988.0,5428858.0,4165201.0,193747185.0,195036213.0,288.96,318.02,359.23,376.96,390.21,394.42,315.81,335.88,345.67,1.94,2.13,2.44
SALE_27_2024,27,2024.0,July,166612.0,89871.0,3268473.0,2643633.0,4615329.0,5439117.0,123545065.0,127325106.0,75340.0,49500.0,965490.0,1539068.0,4857281.0,5578488.0,127779028.0,131507807.0,299.79,306.15,357.79,382.6,396.53,426.45,322.8,337.01,361.16,1.85,2.18,2.59
SALE_36_2024,36,2024.0,September,168725.0,90519.0,4445044.0,3484581.0,4865358.0,4562564.0,167934964.0,172603114.0,69330.0,5400.0,1576560.0,1907408.0,5103413.0,4658483.0,173956568.0,177995103.0,294.59,316.77,358.78,385.47,394.46,417.17,324.8,338.96,360.97,2.05,2.14,2.5
SALE_35_2025,35,2025.0,September,158059.0,89524.0,7269244.0,4276319.0,4398633.0,4757310.0,170649871.0,163069606.0,26008.0,73980.0,1641239.0,1507230.0,4582700.0,4920814.0,179560354.0,168853155.0,298.25,294.48,314.81,403.35,384.5,396.18,349.79,323.87,338.13,2.01,2.01,2.13
SALE_22_2025,22,2025.0,June,199815.0,128450.0,4769018.0,2455150.0,5819084.0,5183257.0,104902192.0,98603388.0,,,,,6018899.0,5354947.0,110872121.0,101751998.0,294.99,297.14,284.84,398.53,379.41,353.39,335.12,322.62,303.9,2.03,1.89,2.03
